Comment,Designator,Footprint,LCSC,Quantity
1u,"C8,C9",C_0402_1005Metric,C12530,2
Q_PMOS_GSD,"Q2,Q3",SOT-23,C15127,2
100n,"C10,C3,C5,C6,C7",C_0402_1005Metric,C1525,5
10u,C4,C_0402_1005Metric,C15525,1
R_Small,"R13,R14",R_0402_1005Metric,C17168,2
LIS2DW12,U3,LGA-12_2x2mm_P0.5mm,C189624,1
10u,"C14,C15",C_0603_1608Metric,C19702,2
D,"D33,D34",D_SOD-323,C2128,2
100k,"R10,R15,R4,R9",R_0402_1005Metric,C25741,4
10k,"R2,R8",R_0402_1005Metric,C25744,2
4k7,"R6,R7",R_0402_1005Metric,C25900,2
32.768k,Y1,Crystal_SMD_3215-2Pin_3.2x1.5mm,C32346,1
4p3,"C12,C13",C_0402_1005Metric,C32949,2
STM32L412KBTx,U4,LQFP-32_7x7mm_P0.8mm,C529438,1
AP2205-3.0,U1,SOT-23-5,C882826,1
WS2812B-2020,"D1,D10,D11,D12,D13,D14,D15,D16,D17,D18,D19,D2,D20,D21,D22,D23,D24,D25,D26,D27,D28,D29,D3,D30,D31,D32,D4,D5,D6,D7,D8,D9",LED_WS2812B-2020_PLCC4_2.0x2.0mm,C965555,32
MCP73832-2-OT,U5,SOT-23-5,C9900041167,1
